Customer_ID,Name,Age,Gender,City,Product,Price,Quantity,Payment_Mode,Purchase_Date
1,Chetan,,Male,Chennai,Laptop,45042,3,UPI,08-07-2023
2,Bala,,Female,Hyderabad,Tablet,16621,5,Cash,20-12-2023
3,Jaya,,Female,Hyderabad,Laptop,30794,1,Card,04-07-2023
4,Hari,,Male,Hyderabad,Laptop,49912,2,Cash,29-06-2023
5,Isha,45,Male,Kochi,Tablet,20258,2,Cash,08-10-2023
6,Farhan,,Male,Kochi,Camera,25157,1,Cash,09-01-2023
7,Arun,,Male,Trivandrum,Camera,18287,1,Cash,04-02-2023
8,Isha,,Female,Bangalore,Laptop,49675,5,UPI,25-05-2023
9,Divya,43,Male,Chennai,Headphones,5485,3,Card,08-12-2023
10,Chetan,,Male,Bangalore,Camera,25442,4,Card,24-12-2023
11,Gopi,,Female,Bangalore,Laptop,12669,3,Cash,30-08-2023
12,Arun,23,Male,Bangalore,Tablet,5233,1,Cash,28-07-2023
13,Arun,,Female,Kochi,Headphones,23958,5,Cash,07-04-2023
14,Isha,25,Male,Hyderabad,Headphones,5112,3,UPI,21-11-2023
15,Bala,,Male,Kochi,Camera,42843,1,Card,13-11-2023
16,Gopi,,Male,Chennai,Tablet,12415,5,UPI,21-01-2023
17,Jaya,,Female,Bangalore,Mobile,44114,3,UPI,20-02-2023
18,Esha,60,Female,Bangalore,Camera,5617,2,Cash,30-12-2023
19,Esha,,Male,Trivandrum,Camera,27198,3,Cash,04-04-2023
20,Farhan,,Male,Kochi,Headphones,41910,1,UPI,25-11-2023
21,Farhan,41,Female,Bangalore,Mobile,30531,5,Cash,14-11-2023
22,Esha,34,Male,Kochi,Laptop,16418,2,Card,22-05-2023
23,Farhan,55,Female,Hyderabad,Tablet,42936,3,Card,01-02-2023
24,Hari,,Female,Trivandrum,Laptop,13315,4,UPI,06-01-2023
25,Arun,35,Female,Chennai,Headphones,45381,4,UPI,22-08-2023
26,Arun,,Male,Bangalore,Headphones,8056,5,UPI,18-08-2023
27,Hari,20,Male,Trivandrum,Tablet,5110,2,Cash,25-09-2023
28,Arun,48,Male,Bangalore,Tablet,11152,1,Cash,11-10-2023
29,Gopi,59,Male,Bangalore,Mobile,37959,3,UPI,18-07-2023
30,Bala,,Female,Trivandrum,Mobile,21779,2,Card,16-09-2023
31,Divya,21,Male,Chennai,Mobile,1663,2,Card,03-04-2023
32,Jaya,,Male,Trivandrum,Headphones,4635,4,UPI,05-09-2023
33,Hari,30,Female,Chennai,Camera,32828,4,UPI,13-02-2023
34,Chetan,,Female,Bangalore,Tablet,34752,4,Card,03-11-2023
35,Hari,,Female,Trivandrum,Laptop,14127,5,Cash,14-05-2023
36,Farhan,,Female,Kochi,Laptop,38922,4,Cash,21-04-2023
37,Esha,42,Female,Kochi,Tablet,37986,5,UPI,11-09-2023
38,Farhan,,Female,Chennai,Laptop,40694,5,UPI,15-12-2023
39,Divya,52,Male,Trivandrum,Tablet,30124,1,Card,05-10-2023
40,Bala,50,Male,Kochi,Laptop,10069,1,Card,04-01-2023
41,Divya,,Male,Kochi,Tablet,15878,5,UPI,02-12-2023
42,Hari,,Female,Chennai,Camera,11661,2,Cash,22-02-2023
43,Esha,,Male,Hyderabad,Camera,43358,2,Cash,29-12-2023
44,Arun,32,Female,Hyderabad,Tablet,13352,5,Card,20-01-2023
45,Isha,29,Female,Bangalore,Headphones,578,4,UPI,06-10-2023
46,Hari,21,Male,Hyderabad,Laptop,19005,2,Card,27-07-2023
47,Farhan,,Male,Hyderabad,Headphones,48551,3,Cash,08-02-2023
48,Bala,,Female,Kochi,Headphones,21462,5,Cash,27-02-2023
49,Divya,21,Female,Chennai,Camera,40418,2,UPI,21-01-2023
50,Farhan,56,Male,Kochi,Headphones,37486,4,Card,14-04-2023
51,Hari,32,Male,Hyderabad,Camera,9014,4,UPI,31-08-2023
52,Bala,23,Female,Trivandrum,Tablet,37375,3,UPI,07-11-2023
53,Chetan,,Male,Trivandrum,Tablet,25349,4,UPI,24-02-2023
54,Chetan,,Female,Trivandrum,Headphones,24362,2,Cash,06-11-2023
55,Esha,57,Male,Chennai,Camera,25724,2,UPI,02-06-2023
56,Chetan,,Female,Kochi,Laptop,40500,2,UPI,01-11-2023
57,Gopi,,Male,Kochi,Camera,24035,2,Card,20-11-2023
58,Hari,60,Female,Bangalore,Headphones,45281,2,Cash,12-02-2023
59,Bala,35,Male,Trivandrum,Headphones,43389,1,UPI,12-01-2023
60,Hari,,Male,Chennai,Laptop,2300,5,Card,23-04-2023
61,Chetan,,Female,Kochi,Camera,35654,3,Cash,07-07-2023
62,Farhan,41,Male,Hyderabad,Laptop,25637,1,Cash,05-11-2023
63,Gopi,,Female,Kochi,Tablet,17699,2,Cash,15-03-2023
64,Hari,33,Female,Bangalore,Laptop,10785,3,UPI,05-12-2023
65,Arun,,Female,Chennai,Camera,41637,2,Cash,16-02-2023
66,Gopi,,Female,Hyderabad,Camera,49626,5,Card,22-03-2023
67,Chetan,,Female,Chennai,Laptop,13449,5,Card,29-10-2023
68,Esha,,Female,Hyderabad,Mobile,3029,3,Cash,31-10-2023
69,Bala,42,Female,Hyderabad,Laptop,10075,1,Cash,12-06-2023
70,Arun,,Female,Bangalore,Mobile,29230,1,Card,10-06-2023
71,Arun,31,Male,Chennai,Headphones,33369,2,Card,30-09-2023
72,Arun,47,Male,Chennai,Tablet,25454,2,Card,12-06-2023
73,Bala,37,Male,Kochi,Camera,18245,2,Card,20-02-2023
74,Arun,,Female,Trivandrum,Headphones,46243,1,Cash,30-08-2023
75,Isha,45,Female,Kochi,Laptop,16323,1,Cash,07-07-2023
76,Jaya,19,Female,Hyderabad,Headphones,23412,2,Cash,08-11-2023
77,Jaya,,Male,Kochi,Mobile,34478,4,UPI,02-06-2023
78,Chetan,29,Female,Hyderabad,Tablet,45671,3,Cash,02-04-2023
79,Arun,60,Male,Hyderabad,Camera,44861,4,Cash,19-08-2023
80,Esha,45,Male,Trivandrum,Mobile,16184,1,Card,21-10-2023
81,Divya,42,Female,Bangalore,Headphones,48741,2,UPI,29-12-2023
82,Divya,,Male,Hyderabad,Camera,37706,2,Card,05-08-2023
83,Hari,,Female,Kochi,Laptop,14921,5,UPI,01-04-2023
84,Jaya,30,Male,Bangalore,Tablet,14853,5,Cash,25-07-2023
85,Chetan,,Male,Trivandrum,Laptop,10539,5,Cash,21-10-2023
86,Farhan,54,Female,Trivandrum,Mobile,9990,3,UPI,16-04-2023
87,Jaya,,Male,Chennai,Laptop,45384,1,Card,27-05-2023
88,Jaya,32,Female,Bangalore,Headphones,39262,5,Cash,23-11-2023
89,Jaya,26,Male,Hyderabad,Tablet,19104,2,UPI,26-09-2023
90,Farhan,55,Male,Trivandrum,Headphones,34986,4,Cash,06-05-2023
91,Divya,45,Male,Chennai,Mobile,40863,2,Card,15-04-2023
92,Isha,,Female,Bangalore,Headphones,3342,2,Cash,13-11-2023
93,Isha,,Male,Chennai,Headphones,34731,5,Cash,24-11-2023
94,Hari,39,Female,Hyderabad,Laptop,23392,2,Cash,07-07-2023
95,Isha,,Female,Chennai,Camera,3392,5,UPI,04-04-2023
96,Bala,,Male,Trivandrum,Camera,862,3,UPI,11-08-2023
97,Gopi,,Female,Trivandrum,Laptop,47671,5,UPI,06-09-2023
98,Divya,36,Female,Bangalore,Laptop,37859,5,UPI,18-04-2023
99,Hari,45,Female,Chennai,Camera,11133,4,Card,24-02-2023
100,Farhan,,Male,Hyderabad,Headphones,39008,5,Card,22-12-2023
101,Arun,21,Female,Chennai,Mobile,47867,2,UPI,26-07-2023
102,Esha,39,Female,Chennai,Camera,21618,5,Cash,12-02-2023
103,Chetan,,Female,Kochi,Tablet,42929,1,Card,17-08-2023
104,Gopi,,Female,Chennai,Mobile,20544,3,UPI,11-06-2023
105,Isha,,Female,Chennai,Camera,19150,4,Card,24-01-2023
106,Divya,26,Female,Chennai,Camera,26655,4,UPI,30-05-2023
107,Divya,,Male,Kochi,Laptop,15589,1,UPI,02-02-2023
108,Arun,,Female,Trivandrum,Mobile,3832,5,Cash,28-06-2023
109,Chetan,47,Female,Kochi,Tablet,1682,4,UPI,12-07-2023
110,Jaya,,Male,Kochi,Headphones,35579,2,Cash,15-07-2023
111,Esha,54,Female,Hyderabad,Camera,8449,3,UPI,31-12-2023
112,Chetan,34,Male,Kochi,Tablet,30976,1,UPI,06-11-2023
113,Isha,,Male,Trivandrum,Headphones,8669,3,Cash,04-02-2023
114,Hari,57,Male,Kochi,Laptop,13822,4,Cash,25-02-2023
115,Jaya,,Male,Kochi,Mobile,31391,3,UPI,24-12-2023
116,Chetan,,Male,Chennai,Tablet,13088,1,Card,25-09-2023
117,Isha,,Male,Trivandrum,Headphones,44660,1,Cash,27-06-2023
118,Jaya,33,Female,Kochi,Laptop,22614,1,UPI,15-09-2023
119,Chetan,39,Male,Bangalore,Headphones,11958,5,Card,10-07-2023
120,Chetan,33,Male,Chennai,Laptop,1427,4,Card,04-12-2023
121,Divya,52,Female,Trivandrum,Headphones,17811,2,Card,13-09-2023
122,Isha,,Female,Hyderabad,Camera,23491,3,Cash,20-04-2023
123,Bala,,Male,Trivandrum,Laptop,11056,5,Card,16-05-2023
124,Isha,53,Female,Trivandrum,Camera,42203,3,UPI,03-04-2023
125,Esha,59,Female,Bangalore,Laptop,31452,3,Card,20-12-2023
126,Hari,35,Female,Bangalore,Laptop,4459,5,UPI,01-09-2023
127,Farhan,,Female,Bangalore,Laptop,30868,3,Card,29-09-2023
128,Isha,,Male,Chennai,Camera,45412,4,Card,27-03-2023
129,Chetan,,Male,Hyderabad,Camera,32162,2,Card,23-11-2023
130,Jaya,,Male,Kochi,Camera,3399,3,Card,18-04-2023
131,Bala,,Female,Hyderabad,Tablet,9243,3,UPI,12-06-2023
132,Bala,49,Male,Trivandrum,Camera,20316,4,UPI,13-12-2023
133,Chetan,18,Female,Kochi,Mobile,36789,2,Cash,17-12-2023
134,Jaya,,Male,Hyderabad,Tablet,31493,4,Card,27-12-2023
135,Jaya,54,Male,Trivandrum,Headphones,33527,4,UPI,26-10-2023
136,Jaya,50,Male,Chennai,Tablet,18759,5,Card,28-09-2023
137,Gopi,28,Male,Bangalore,Laptop,45073,4,Card,10-03-2023
138,Arun,22,Female,Hyderabad,Laptop,32587,5,Cash,09-03-2023
139,Jaya,,Female,Bangalore,Tablet,20735,5,Card,02-02-2023
140,Isha,,Male,Trivandrum,Mobile,47597,4,Card,12-03-2023
141,Arun,47,Male,Chennai,Laptop,11902,1,Card,19-04-2023
142,Esha,25,Female,Hyderabad,Mobile,28369,1,UPI,25-10-2023
143,Isha,33,Female,Trivandrum,Headphones,25981,1,Cash,29-11-2023
144,Jaya,25,Female,Kochi,Camera,22040,3,Card,08-05-2023
145,Gopi,43,Female,Kochi,Tablet,40001,3,UPI,17-02-2023
146,Chetan,58,Female,Trivandrum,Laptop,47135,5,Card,04-08-2023
147,Bala,20,Male,Chennai,Tablet,22801,2,UPI,23-08-2023
148,Chetan,39,Male,Chennai,Mobile,41098,1,Cash,07-09-2023
149,Hari,59,Male,Chennai,Headphones,49453,3,UPI,01-10-2023
150,Gopi,60,Male,Bangalore,Headphones,9720,4,UPI,08-12-2023
151,Gopi,,Male,Bangalore,Headphones,24098,3,Card,21-05-2023
152,Isha,,Female,Chennai,Camera,42991,1,UPI,24-10-2023
153,Gopi,19,Male,Bangalore,Mobile,2399,3,Cash,16-04-2023
154,Arun,,Male,Chennai,Tablet,45482,5,Card,27-06-2023
155,Chetan,,Male,Chennai,Headphones,13614,4,UPI,12-01-2023
156,Chetan,36,Male,Bangalore,Tablet,17408,2,Card,03-03-2023
157,Bala,,Female,Chennai,Headphones,35914,4,UPI,31-03-2023
158,Hari,,Female,Bangalore,Tablet,24718,2,Card,30-04-2023
159,Arun,23,Male,Bangalore,Mobile,13860,1,UPI,30-06-2023
160,Farhan,56,Male,Hyderabad,Camera,6045,4,Card,07-03-2023
161,Bala,,Female,Trivandrum,Tablet,44989,1,UPI,07-12-2023
162,Chetan,24,Male,Bangalore,Tablet,47387,1,Card,09-02-2023
163,Arun,44,Female,Trivandrum,Tablet,29026,4,UPI,28-02-2023
164,Jaya,41,Male,Bangalore,Headphones,44203,1,Card,10-02-2023
165,Chetan,,Female,Kochi,Mobile,33184,4,Card,24-06-2023
166,Esha,,Male,Kochi,Mobile,46236,3,Card,24-07-2023
167,Isha,27,Male,Bangalore,Laptop,38791,4,Cash,25-02-2023
168,Hari,,Male,Trivandrum,Mobile,37707,4,Card,08-02-2023
169,Jaya,24,Female,Bangalore,Laptop,15025,3,Cash,18-06-2023
170,Arun,36,Male,Trivandrum,Camera,11897,4,Card,09-01-2023
171,Isha,54,Male,Chennai,Laptop,26981,1,Card,06-11-2023
172,Gopi,19,Female,Hyderabad,Mobile,34551,4,UPI,15-02-2023
173,Bala,,Female,Trivandrum,Laptop,39730,5,Cash,15-01-2023
174,Arun,,Female,Chennai,Mobile,21671,4,Cash,16-02-2023
175,Chetan,49,Male,Kochi,Camera,47599,5,UPI,30-05-2023
176,Arun,,Male,Kochi,Tablet,19076,5,Card,22-12-2023
177,Esha,26,Female,Trivandrum,Camera,6618,1,Card,09-05-2023
178,Bala,31,Female,Hyderabad,Headphones,42903,1,Cash,25-03-2023
179,Jaya,,Female,Trivandrum,Headphones,26242,2,Card,29-05-2023
180,Gopi,,Male,Kochi,Laptop,49073,3,UPI,03-03-2023
181,Jaya,,Female,Kochi,Headphones,17947,4,Card,10-12-2023
182,Bala,,Male,Hyderabad,Mobile,21412,1,Card,04-03-2023
183,Farhan,23,Male,Trivandrum,Tablet,20395,1,UPI,30-09-2023
184,Isha,,Female,Bangalore,Camera,42875,3,UPI,28-04-2023
185,Hari,55,Female,Bangalore,Tablet,13590,1,UPI,27-02-2023
186,Esha,30,Female,Hyderabad,Tablet,43561,3,Cash,26-06-2023
187,Chetan,,Male,Trivandrum,Tablet,8065,1,Cash,02-01-2023
188,Arun,,Female,Kochi,Laptop,37857,1,Cash,24-04-2023
189,Esha,,Male,Chennai,Laptop,34553,4,Card,06-03-2023
190,Bala,29,Male,Hyderabad,Headphones,42192,5,UPI,11-02-2023
191,Divya,,Female,Trivandrum,Laptop,7515,4,UPI,03-09-2023
192,Jaya,34,Female,Bangalore,Mobile,37231,4,UPI,21-09-2023
193,Hari,22,Female,Bangalore,Camera,8900,3,Cash,25-04-2023
194,Gopi,44,Male,Kochi,Laptop,34885,2,Cash,19-03-2023
195,Divya,57,Male,Bangalore,Camera,7249,5,Card,26-01-2023
196,Bala,30,Male,Hyderabad,Laptop,37831,2,Cash,13-01-2023
197,Isha,35,Female,Bangalore,Laptop,24133,5,Cash,20-01-2023
198,Hari,,Male,Kochi,Mobile,40652,4,Card,01-11-2023
199,Divya,,Male,Trivandrum,Mobile,770,3,Card,27-02-2023
200,Divya,24,Male,Trivandrum,Camera,11314,4,UPI,28-01-2023
201,Bala,57,Female,Kochi,Tablet,34200,3,Card,18-03-2023
202,Divya,,Female,Trivandrum,Tablet,5477,3,UPI,27-01-2023
203,Arun,22,Male,Bangalore,Laptop,12375,1,Card,04-03-2023
204,Farhan,,Male,Kochi,Mobile,8099,1,UPI,21-08-2023
205,Arun,,Male,Hyderabad,Headphones,6320,4,UPI,17-10-2023
206,Isha,,Female,Chennai,Tablet,6507,5,UPI,22-04-2023
207,Esha,,Male,Bangalore,Camera,18639,5,UPI,21-04-2023
208,Farhan,28,Male,Hyderabad,Laptop,34073,1,Cash,19-11-2023
209,Isha,,Male,Trivandrum,Tablet,39840,4,Cash,27-09-2023
210,Isha,42,Male,Trivandrum,Camera,39325,4,Cash,18-05-2023
211,Hari,56,Female,Trivandrum,Headphones,49590,3,Cash,09-09-2023
212,Hari,57,Female,Bangalore,Camera,20169,2,Card,06-06-2023
213,Jaya,,Female,Bangalore,Camera,32227,2,Cash,26-02-2023
214,Farhan,56,Female,Bangalore,Tablet,49464,2,Cash,26-08-2023
215,Esha,48,Female,Kochi,Headphones,5373,1,UPI,22-09-2023
216,Gopi,35,Female,Trivandrum,Laptop,11346,5,UPI,27-03-2023
217,Farhan,42,Male,Bangalore,Laptop,34865,4,Card,06-09-2023
218,Divya,,Male,Hyderabad,Camera,22243,4,Cash,25-05-2023
219,Chetan,37,Male,Kochi,Laptop,23065,5,Cash,15-02-2023
220,Arun,56,Female,Chennai,Laptop,4724,1,Cash,16-04-2023
221,Isha,22,Male,Kochi,Mobile,1645,5,UPI,08-08-2023
222,Isha,37,Female,Chennai,Camera,26694,3,Cash,11-01-2023
223,Farhan,,Female,Chennai,Camera,27545,4,Cash,22-10-2023
224,Esha,27,Female,Kochi,Headphones,28798,1,Cash,15-11-2023
225,Chetan,,Female,Trivandrum,Mobile,37475,2,UPI,17-09-2023
226,Divya,,Male,Kochi,Laptop,49070,2,UPI,31-01-2023
227,Hari,,Male,Kochi,Headphones,4636,4,Cash,12-11-2023
228,Chetan,54,Female,Chennai,Camera,24650,3,Cash,21-03-2023
229,Esha,,Female,Hyderabad,Laptop,6220,3,Card,10-11-2023
230,Gopi,54,Female,Kochi,Headphones,6301,5,Cash,18-09-2023
231,Chetan,59,Female,Hyderabad,Camera,15043,3,Card,07-10-2023
232,Gopi,,Male,Kochi,Laptop,34146,1,Card,01-07-2023
233,Farhan,,Female,Hyderabad,Mobile,24790,4,UPI,30-12-2023
234,Isha,55,Male,Hyderabad,Headphones,2950,3,Card,23-09-2023
235,Chetan,46,Female,Hyderabad,Tablet,12827,4,UPI,13-07-2023
236,Esha,34,Male,Trivandrum,Tablet,19564,4,Card,25-02-2023
237,Farhan,,Male,Bangalore,Mobile,2657,3,Card,04-05-2023
238,Farhan,21,Female,Hyderabad,Headphones,6628,5,Cash,02-08-2023
239,Bala,37,Male,Kochi,Tablet,29075,3,UPI,12-08-2023
240,Hari,,Female,Chennai,Mobile,8554,1,Card,24-01-2023
241,Gopi,,Male,Hyderabad,Tablet,38347,1,UPI,16-04-2023
242,Hari,,Male,Chennai,Laptop,2915,1,Card,13-09-2023
243,Esha,,Male,Trivandrum,Camera,37896,3,UPI,18-10-2023
244,Hari,,Female,Kochi,Headphones,39051,3,Cash,26-05-2023
245,Gopi,25,Male,Trivandrum,Camera,48024,3,Cash,15-09-2023
246,Isha,41,Male,Bangalore,Camera,19040,4,Card,11-05-2023
247,Gopi,32,Male,Hyderabad,Headphones,28825,5,UPI,07-11-2023
248,Divya,,Female,Bangalore,Headphones,20452,5,Card,18-03-2023
249,Arun,,Male,Hyderabad,Camera,30591,1,UPI,26-08-2023
250,Chetan,,Female,Bangalore,Tablet,22392,2,Cash,29-09-2023
251,Jaya,53,Female,Chennai,Camera,34287,4,Cash,17-12-2023
252,Bala,,Male,Chennai,Headphones,36353,1,UPI,18-02-2023
253,Bala,,Male,Bangalore,Tablet,35799,1,UPI,30-11-2023
254,Jaya,,Male,Hyderabad,Camera,38347,1,Cash,25-08-2023
255,Chetan,,Female,Bangalore,Laptop,45387,3,Card,19-03-2023
256,Isha,54,Male,Kochi,Tablet,22734,1,UPI,17-03-2023
257,Arun,,Male,Chennai,Laptop,32588,1,UPI,25-06-2023
258,Farhan,18,Female,Chennai,Laptop,3161,1,Card,24-05-2023
259,Chetan,,Female,Hyderabad,Camera,15037,5,Cash,20-06-2023
260,Farhan,,Male,Trivandrum,Headphones,26730,4,Cash,13-07-2023
261,Isha,,Female,Bangalore,Mobile,8516,5,UPI,14-05-2023
262,Divya,,Female,Bangalore,Camera,19028,5,Card,12-09-2023
263,Arun,,Female,Hyderabad,Headphones,34345,2,Cash,30-06-2023
264,Jaya,24,Female,Hyderabad,Tablet,20416,1,Cash,06-05-2023
265,Arun,,Male,Chennai,Tablet,13780,1,UPI,26-10-2023
266,Divya,28,Male,Chennai,Mobile,32862,4,UPI,08-06-2023
267,Chetan,38,Female,Hyderabad,Laptop,29079,2,Card,08-07-2023
268,Farhan,,Male,Kochi,Headphones,27995,2,Cash,23-05-2023
269,Chetan,28,Female,Kochi,Camera,33803,4,Card,13-10-2023
270,Farhan,,Male,Hyderabad,Headphones,30723,4,Cash,07-12-2023
271,Arun,,Female,Bangalore,Mobile,5278,1,Cash,30-03-2023
272,Hari,53,Female,Trivandrum,Camera,23311,2,Cash,05-11-2023
273,Jaya,31,Female,Kochi,Headphones,49419,4,Card,15-01-2023
274,Bala,,Female,Chennai,Headphones,46780,4,Card,03-04-2023
275,Arun,,Male,Chennai,Tablet,13020,3,Card,03-12-2023
276,Jaya,29,Female,Kochi,Camera,28587,2,Card,22-09-2023
277,Chetan,31,Male,Hyderabad,Laptop,26537,4,Card,29-09-2023
278,Arun,45,Female,Hyderabad,Headphones,10500,3,UPI,14-07-2023
279,Bala,23,Female,Trivandrum,Tablet,29018,4,Card,26-11-2023
280,Bala,,Female,Bangalore,Tablet,11667,5,Cash,13-03-2023
281,Hari,,Male,Kochi,Tablet,10778,2,Cash,20-05-2023
282,Jaya,,Male,Chennai,Headphones,11190,4,Cash,17-11-2023
283,Arun,,Female,Bangalore,Camera,35914,3,Cash,20-04-2023
284,Hari,,Female,Kochi,Camera,27652,3,Card,19-08-2023
285,Jaya,,Female,Kochi,Tablet,38479,4,Cash,31-10-2023
286,Isha,,Male,Trivandrum,Camera,33277,4,Card,26-05-2023
287,Chetan,,Male,Trivandrum,Camera,37202,5,Card,02-07-2023
288,Chetan,,Female,Hyderabad,Laptop,32099,1,Card,26-02-2023
289,Divya,55,Female,Bangalore,Headphones,20585,1,UPI,31-08-2023
290,Chetan,,Female,Hyderabad,Camera,12937,3,Cash,02-07-2023
291,Arun,51,Male,Chennai,Headphones,39794,5,UPI,23-09-2023
292,Hari,47,Female,Chennai,Tablet,36757,1,Cash,26-02-2023
293,Esha,44,Male,Trivandrum,Mobile,48458,4,Cash,30-04-2023
294,Farhan,,Female,Kochi,Headphones,40950,2,Cash,21-07-2023
295,Gopi,,Male,Trivandrum,Laptop,15681,2,UPI,27-12-2023
296,Divya,39,Female,Bangalore,Laptop,29885,1,Card,08-06-2023
297,Farhan,39,Female,Chennai,Tablet,2243,2,UPI,22-09-2023
298,Bala,,Female,Hyderabad,Headphones,16440,1,Cash,18-03-2023
299,Hari,56,Male,Trivandrum,Tablet,2736,3,UPI,03-11-2023
300,Gopi,,Male,Chennai,Mobile,14710,3,Card,18-10-2023
301,Arun,41,Female,Bangalore,Laptop,21456,3,UPI,24-11-2023
302,Arun,,Male,Chennai,Headphones,41465,4,Cash,26-11-2023
303,Divya,,Male,Hyderabad,Camera,7105,3,Card,12-08-2023
304,Arun,,Male,Trivandrum,Tablet,17112,1,UPI,04-03-2023
305,Chetan,,Female,Trivandrum,Mobile,33085,1,UPI,25-09-2023
306,Jaya,,Female,Hyderabad,Laptop,34906,2,Card,13-10-2023
307,Jaya,27,Female,Chennai,Laptop,29064,1,Card,25-03-2023
308,Divya,27,Male,Kochi,Laptop,16900,5,Card,28-10-2023
309,Gopi,30,Male,Kochi,Laptop,47270,2,Card,09-04-2023
310,Farhan,,Male,Kochi,Laptop,40462,5,Card,24-06-2023
311,Isha,,Female,Chennai,Mobile,3108,1,UPI,23-08-2023
312,Bala,18,Male,Chennai,Laptop,1350,1,Card,27-09-2023
313,Gopi,53,Female,Kochi,Tablet,22698,1,Card,01-01-2024
314,Farhan,23,Female,Chennai,Mobile,24072,5,UPI,20-10-2023
315,Esha,,Male,Kochi,Camera,43087,5,Card,31-10-2023
316,Divya,,Female,Hyderabad,Mobile,40641,5,Cash,10-05-2023
317,Farhan,,Male,Bangalore,Laptop,9608,5,Card,17-09-2023
318,Esha,50,Male,Bangalore,Camera,21493,1,UPI,17-11-2023
319,Hari,,Female,Kochi,Camera,33350,4,UPI,14-03-2023
320,Esha,,Male,Chennai,Tablet,41090,5,UPI,25-12-2023
321,Arun,,Male,Bangalore,Mobile,5335,2,Card,20-09-2023
322,Esha,58,Female,Kochi,Laptop,6956,2,Cash,12-06-2023
323,Divya,,Male,Bangalore,Laptop,14086,4,UPI,03-09-2023
324,Farhan,,Female,Hyderabad,Tablet,25887,5,Card,14-02-2023
325,Gopi,,Female,Kochi,Tablet,7676,2,Card,03-10-2023
326,Esha,,Male,Bangalore,Camera,29946,4,Card,18-03-2023
327,Hari,57,Female,Bangalore,Laptop,40001,2,Cash,10-03-2023
328,Farhan,,Male,Bangalore,Camera,7619,1,Card,26-07-2023
329,Gopi,,Female,Hyderabad,Camera,46816,3,Cash,06-11-2023
330,Chetan,,Female,Bangalore,Laptop,29836,2,Card,19-09-2023
331,Hari,30,Male,Chennai,Headphones,9979,5,UPI,08-03-2023
332,Hari,,Female,Hyderabad,Tablet,19184,3,Cash,02-10-2023
333,Hari,42,Female,Bangalore,Camera,893,5,Cash,03-01-2023
334,Farhan,,Male,Kochi,Mobile,23660,3,Cash,20-11-2023
335,Bala,18,Female,Hyderabad,Laptop,13279,1,Card,04-04-2023
336,Hari,34,Female,Hyderabad,Laptop,38990,5,Card,03-02-2023
337,Arun,58,Female,Chennai,Tablet,41765,2,Card,26-08-2023
338,Hari,,Female,Bangalore,Mobile,35038,2,Cash,21-03-2023
339,Chetan,44,Male,Hyderabad,Headphones,36299,4,Cash,14-09-2023
340,Hari,51,Male,Kochi,Laptop,5005,1,Card,24-10-2023
341,Chetan,,Male,Trivandrum,Camera,15890,5,Card,23-05-2023
342,Divya,60,Male,Chennai,Tablet,1114,4,Card,10-06-2023
343,Hari,,Female,Trivandrum,Camera,23661,5,Card,27-11-2023
344,Jaya,,Female,Bangalore,Mobile,8560,1,UPI,30-12-2023
345,Hari,,Female,Hyderabad,Tablet,14607,4,Card,06-06-2023
346,Isha,58,Male,Trivandrum,Tablet,6504,4,Cash,23-01-2023
347,Hari,,Female,Bangalore,Tablet,9141,1,UPI,16-02-2023
348,Farhan,32,Female,Bangalore,Mobile,27908,5,UPI,07-10-2023
349,Jaya,54,Male,Hyderabad,Mobile,1970,4,UPI,12-08-2023
350,Bala,,Male,Bangalore,Camera,49681,5,Cash,08-01-2023
351,Farhan,45,Male,Chennai,Tablet,39065,4,Card,03-12-2023
352,Jaya,57,Female,Bangalore,Tablet,45588,5,Card,03-02-2023
353,Jaya,24,Male,Hyderabad,Headphones,46543,4,UPI,01-01-2023
354,Hari,,Male,Bangalore,Mobile,41018,5,Card,08-07-2023
355,Arun,,Female,Bangalore,Mobile,8178,1,UPI,21-01-2023
356,Divya,60,Female,Kochi,Laptop,8363,5,Card,26-02-2023
357,Chetan,,Male,Kochi,Camera,4121,1,UPI,01-02-2023
358,Gopi,,Female,Chennai,Camera,15811,5,Cash,17-07-2023
359,Jaya,,Female,Chennai,Mobile,17195,4,UPI,20-03-2023
360,Hari,,Male,Chennai,Camera,7386,4,UPI,30-04-2023
361,Farhan,44,Male,Chennai,Mobile,42499,3,UPI,15-01-2023
362,Isha,56,Female,Bangalore,Camera,29038,2,UPI,27-08-2023
363,Isha,,Male,Hyderabad,Headphones,47873,4,Card,30-07-2023
364,Arun,44,Female,Hyderabad,Tablet,1265,5,Cash,04-06-2023
365,Chetan,,Female,Chennai,Headphones,41479,1,UPI,23-02-2023
366,Bala,38,Male,Trivandrum,Headphones,18269,2,Card,19-01-2023
367,Farhan,51,Female,Kochi,Mobile,47973,5,Cash,29-08-2023
368,Arun,31,Female,Bangalore,Tablet,5314,4,Cash,27-09-2023
369,Gopi,46,Male,Kochi,Camera,36704,2,UPI,10-02-2023
370,Hari,,Female,Bangalore,Laptop,32419,4,UPI,06-09-2023
371,Isha,,Male,Chennai,Headphones,41057,1,UPI,02-07-2023
372,Arun,36,Male,Kochi,Tablet,27495,5,Cash,02-12-2023
373,Farhan,38,Female,Hyderabad,Tablet,8474,1,Card,02-12-2023
374,Divya,58,Female,Chennai,Mobile,46857,1,Card,17-04-2023
375,Bala,,Female,Kochi,Tablet,38070,4,Card,28-02-2023
376,Farhan,,Female,Chennai,Headphones,26077,4,Card,20-08-2023
377,Esha,,Female,Trivandrum,Laptop,38607,2,Cash,10-08-2023
378,Farhan,,Female,Hyderabad,Camera,3206,2,Cash,10-05-2023
379,Divya,20,Female,Chennai,Camera,48111,2,UPI,01-05-2023
380,Chetan,,Female,Hyderabad,Headphones,34546,4,Card,14-04-2023
381,Isha,,Male,Chennai,Laptop,35190,5,Card,04-06-2023
382,Divya,,Male,Hyderabad,Mobile,14282,4,UPI,21-02-2023
383,Bala,,Female,Kochi,Mobile,45357,1,Card,26-08-2023
384,Arun,20,Male,Bangalore,Mobile,48035,4,Cash,11-01-2023
385,Isha,30,Female,Trivandrum,Laptop,25944,4,Cash,28-03-2023
386,Hari,,Female,Bangalore,Headphones,17705,4,Card,01-06-2023
387,Arun,,Male,Kochi,Headphones,24038,5,Card,07-03-2023
388,Divya,45,Female,Trivandrum,Tablet,32495,3,UPI,02-01-2023
389,Jaya,,Male,Trivandrum,Camera,3627,5,Cash,21-03-2023
390,Bala,51,Male,Chennai,Tablet,33268,3,Card,16-11-2023
391,Arun,,Male,Trivandrum,Headphones,31684,1,UPI,08-09-2023
392,Isha,,Male,Trivandrum,Laptop,38687,4,Card,16-03-2023
393,Esha,,Male,Chennai,Headphones,4632,4,Cash,15-12-2023
394,Hari,,Female,Bangalore,Headphones,25538,1,UPI,18-03-2023
395,Arun,,Female,Chennai,Laptop,41210,2,Card,02-03-2023
396,Isha,42,Female,Bangalore,Laptop,16961,3,UPI,24-05-2023
397,Hari,23,Male,Bangalore,Camera,41842,3,UPI,31-05-2023
398,Farhan,45,Male,Hyderabad,Camera,16178,5,UPI,23-02-2023
399,Arun,50,Female,Trivandrum,Camera,14267,1,Cash,31-05-2023
400,Farhan,21,Female,Trivandrum,Camera,18837,2,Cash,01-11-2023
401,Farhan,,Female,Hyderabad,Mobile,46761,4,Cash,27-12-2023
402,Hari,,Female,Trivandrum,Laptop,2538,3,Cash,07-10-2023
403,Gopi,,Female,Trivandrum,Tablet,43066,3,UPI,17-07-2023
404,Bala,,Female,Bangalore,Laptop,27380,3,Card,01-04-2023
405,Chetan,40,Female,Hyderabad,Laptop,28056,3,UPI,26-11-2023
406,Isha,31,Female,Kochi,Tablet,32056,5,Card,24-12-2023
407,Bala,,Male,Kochi,Camera,19047,5,Cash,19-09-2023
408,Chetan,19,Male,Chennai,Headphones,6231,3,Cash,09-11-2023
409,Arun,29,Male,Trivandrum,Headphones,7738,1,Card,11-01-2023
410,Esha,27,Male,Hyderabad,Camera,601,3,UPI,18-12-2023
411,Chetan,50,Female,Trivandrum,Tablet,7738,4,Card,28-06-2023
412,Farhan,,Male,Trivandrum,Tablet,18783,3,Cash,23-09-2023
413,Bala,,Female,Trivandrum,Camera,33500,1,Card,06-09-2023
414,Jaya,,Female,Kochi,Camera,31040,1,Card,25-01-2023
415,Chetan,,Female,Trivandrum,Laptop,45372,3,Card,08-06-2023
416,Gopi,,Male,Kochi,Headphones,40852,2,Cash,06-07-2023
417,Jaya,49,Male,Chennai,Headphones,6145,2,UPI,19-01-2023
418,Chetan,,Male,Hyderabad,Headphones,3960,5,UPI,05-10-2023
419,Gopi,53,Male,Chennai,Laptop,39602,5,Card,16-04-2023
420,Bala,55,Male,Kochi,Laptop,44282,3,Card,31-08-2023
421,Hari,,Female,Chennai,Headphones,30758,1,Cash,04-01-2023
422,Divya,,Female,Kochi,Tablet,46912,3,Cash,13-06-2023
423,Hari,,Female,Hyderabad,Tablet,40459,2,Card,29-01-2023
424,Bala,18,Male,Kochi,Mobile,5086,5,Card,01-02-2023
425,Isha,35,Female,Trivandrum,Tablet,13471,5,Card,16-09-2023
426,Gopi,47,Male,Hyderabad,Laptop,34112,1,UPI,25-12-2023
427,Chetan,19,Male,Bangalore,Laptop,917,2,UPI,23-12-2023
428,Jaya,58,Female,Chennai,Mobile,24348,1,UPI,07-08-2023
429,Divya,30,Female,Chennai,Mobile,27757,4,UPI,18-10-2023
430,Gopi,27,Female,Chennai,Headphones,48035,1,UPI,03-12-2023
431,Bala,39,Male,Trivandrum,Camera,19773,3,Cash,28-04-2023
432,Farhan,,Male,Bangalore,Mobile,19683,5,Card,12-11-2023
433,Isha,27,Female,Trivandrum,Camera,32547,5,UPI,21-09-2023
434,Divya,58,Female,Chennai,Tablet,26537,5,Cash,11-08-2023
435,Hari,49,Female,Kochi,Laptop,2965,5,UPI,21-05-2023
436,Isha,30,Female,Hyderabad,Headphones,41900,3,Card,29-12-2023
437,Bala,,Female,Chennai,Camera,41586,2,UPI,14-05-2023
438,Jaya,,Female,Bangalore,Headphones,24451,4,Card,13-10-2023
439,Bala,25,Male,Kochi,Camera,41783,2,Cash,24-01-2023
440,Jaya,,Female,Kochi,Headphones,33696,2,Cash,29-05-2023
441,Esha,,Male,Hyderabad,Tablet,44748,3,Card,03-04-2023
442,Farhan,,Female,Hyderabad,Mobile,39549,5,Cash,30-07-2023
443,Jaya,,Male,Kochi,Mobile,39081,3,UPI,26-12-2023
444,Isha,,Male,Chennai,Headphones,37417,5,UPI,01-06-2023
445,Arun,44,Male,Hyderabad,Camera,778,1,Cash,12-06-2023
446,Hari,,Female,Chennai,Headphones,40091,5,Cash,08-09-2023
447,Chetan,30,Female,Trivandrum,Laptop,16816,1,Card,19-08-2023
448,Divya,42,Female,Bangalore,Laptop,17162,5,UPI,03-10-2023
449,Esha,26,Female,Trivandrum,Mobile,4361,4,Card,16-08-2023
450,Arun,52,Male,Kochi,Camera,45980,5,Cash,22-01-2023
451,Divya,,Male,Hyderabad,Headphones,25065,2,Card,01-08-2023
452,Gopi,,Male,Hyderabad,Camera,40351,5,Cash,10-01-2023
453,Chetan,,Male,Chennai,Laptop,17100,5,Cash,10-07-2023
454,Chetan,,Male,Kochi,Tablet,1414,2,Cash,22-07-2023
455,Arun,31,Male,Hyderabad,Mobile,36582,2,Card,17-08-2023
456,Divya,,Male,Chennai,Laptop,33416,1,Card,20-09-2023
457,Hari,36,Male,Chennai,Tablet,3175,3,Card,28-07-2023
458,Gopi,29,Male,Trivandrum,Laptop,8112,3,Cash,26-10-2023
459,Farhan,,Female,Trivandrum,Tablet,15306,1,UPI,06-01-2023
460,Chetan,,Female,Bangalore,Mobile,14308,5,Cash,02-06-2023
461,Isha,,Female,Chennai,Tablet,45611,1,Card,08-06-2023
462,Arun,30,Female,Trivandrum,Laptop,33848,2,Cash,29-10-2023
463,Bala,,Male,Bangalore,Headphones,21971,4,Cash,27-07-2023
464,Chetan,,Female,Bangalore,Mobile,25431,4,UPI,22-12-2023
465,Hari,58,Female,Hyderabad,Camera,19255,2,Card,24-12-2023
466,Jaya,24,Female,Bangalore,Laptop,2670,2,Cash,23-10-2023
467,Divya,,Male,Hyderabad,Tablet,44913,4,Card,10-03-2023
468,Bala,37,Female,Hyderabad,Laptop,37882,2,Cash,11-10-2023
469,Isha,24,Female,Trivandrum,Mobile,8909,5,Card,08-09-2023
470,Jaya,,Female,Trivandrum,Tablet,48696,5,Cash,01-01-2024
471,Gopi,,Male,Trivandrum,Laptop,1034,1,Card,25-05-2023
472,Jaya,58,Male,Kochi,Tablet,15807,3,UPI,11-11-2023
473,Bala,,Male,Trivandrum,Laptop,10214,4,Cash,20-09-2023
474,Esha,25,Male,Kochi,Mobile,20408,5,Card,23-01-2023
475,Divya,,Male,Kochi,Headphones,49169,5,Card,28-05-2023
476,Gopi,,Male,Bangalore,Tablet,29349,2,Cash,10-02-2023
477,Divya,,Female,Trivandrum,Laptop,19942,2,Card,19-10-2023
478,Esha,42,Male,Hyderabad,Mobile,43773,4,UPI,24-07-2023
479,Isha,,Male,Trivandrum,Laptop,33031,5,Card,02-07-2023
480,Jaya,,Male,Trivandrum,Mobile,4075,5,UPI,23-05-2023
481,Esha,,Female,Hyderabad,Mobile,44566,5,Card,01-10-2023
482,Hari,,Female,Trivandrum,Tablet,24950,1,Cash,11-04-2023
483,Chetan,32,Female,Kochi,Mobile,44086,1,Cash,31-10-2023
484,Chetan,,Female,Hyderabad,Headphones,26743,5,Card,27-03-2023
485,Hari,,Male,Chennai,Tablet,10086,3,Cash,15-01-2023
486,Chetan,43,Male,Hyderabad,Mobile,25535,5,Card,15-03-2023
487,Arun,,Female,Chennai,Tablet,34220,4,UPI,29-01-2023
488,Farhan,,Male,Hyderabad,Camera,26024,1,Card,11-08-2023
489,Esha,,Female,Hyderabad,Mobile,10458,4,UPI,24-01-2023
490,Arun,37,Female,Chennai,Camera,20650,3,Cash,13-03-2023
491,Bala,,Male,Chennai,Camera,26780,5,Cash,20-11-2023
492,Bala,,Female,Kochi,Tablet,7366,2,Cash,14-10-2023
493,Arun,,Male,Hyderabad,Laptop,39844,4,Cash,12-09-2023
494,Arun,,Female,Kochi,Mobile,44592,5,Card,03-06-2023
495,Divya,,Female,Bangalore,Headphones,32586,1,Card,19-09-2023
496,Farhan,,Male,Hyderabad,Laptop,46587,2,Cash,22-02-2023
497,Bala,52,Male,Trivandrum,Mobile,29123,2,UPI,12-08-2023
498,Arun,53,Female,Chennai,Laptop,36447,1,Card,07-09-2023
499,Esha,48,Male,Trivandrum,Tablet,43734,2,UPI,11-10-2023
500,Bala,26,Female,Chennai,Mobile,46559,3,UPI,04-06-2023
501,Gopi,41,Female,Kochi,Laptop,44990,3,Card,10-09-2023
502,Chetan,28,Female,Trivandrum,Headphones,44721,2,Cash,13-04-2023
503,Gopi,,Female,Chennai,Tablet,33946,2,Card,10-08-2023
504,Hari,54,Male,Hyderabad,Camera,2142,5,Card,26-12-2023
505,Arun,,Male,Bangalore,Headphones,30146,3,UPI,28-03-2023
506,Chetan,,Male,Bangalore,Laptop,37487,1,Card,23-03-2023
507,Chetan,39,Male,Chennai,Camera,18674,3,Cash,17-12-2023
508,Esha,,Female,Kochi,Headphones,5045,4,UPI,03-03-2023
509,Jaya,22,Female,Chennai,Mobile,43665,4,UPI,20-01-2023
510,Farhan,45,Male,Hyderabad,Laptop,13312,5,UPI,06-04-2023
511,Arun,,Male,Trivandrum,Mobile,1316,3,UPI,17-05-2023
512,Chetan,58,Female,Bangalore,Mobile,48268,4,Cash,25-09-2023
513,Gopi,,Female,Hyderabad,Mobile,46132,1,Cash,25-10-2023
514,Isha,60,Female,Bangalore,Headphones,41741,5,Card,22-07-2023
515,Gopi,,Female,Hyderabad,Mobile,39279,3,Card,15-09-2023
516,Farhan,44,Female,Chennai,Mobile,18786,2,Cash,24-07-2023
517,Esha,,Female,Trivandrum,Tablet,13559,3,Card,14-02-2023
518,Esha,21,Female,Trivandrum,Tablet,32901,4,Cash,31-03-2023
519,Chetan,,Female,Kochi,Laptop,20205,3,UPI,01-07-2023
520,Chetan,,Female,Trivandrum,Mobile,9439,2,UPI,05-04-2023
521,Hari,,Male,Chennai,Mobile,4777,3,Cash,14-09-2023
522,Chetan,27,Female,Hyderabad,Tablet,18051,2,UPI,12-11-2023
523,Divya,,Male,Trivandrum,Camera,35603,1,Cash,02-04-2023
524,Farhan,52,Female,Trivandrum,Mobile,33311,3,Card,02-12-2023
525,Hari,,Female,Chennai,Headphones,27826,3,Cash,23-05-2023
526,Farhan,,Female,Bangalore,Mobile,38785,4,UPI,17-09-2023
527,Jaya,,Female,Trivandrum,Tablet,32989,5,UPI,09-03-2023
528,Bala,,Male,Trivandrum,Headphones,2641,3,Cash,12-07-2023
529,Bala,24,Male,Hyderabad,Camera,38732,5,Cash,25-05-2023
530,Gopi,29,Male,Bangalore,Camera,21043,4,UPI,17-10-2023
531,Chetan,42,Female,Chennai,Camera,17016,2,UPI,15-04-2023
532,Divya,41,Male,Trivandrum,Laptop,7159,1,UPI,12-02-2023
533,Divya,26,Female,Kochi,Headphones,35995,5,UPI,28-08-2023
534,Farhan,,Male,Chennai,Camera,22225,4,UPI,25-08-2023
535,Chetan,33,Male,Kochi,Headphones,13234,4,Card,09-09-2023
536,Farhan,56,Female,Hyderabad,Laptop,48474,5,Card,24-05-2023
537,Jaya,49,Female,Bangalore,Laptop,24774,4,Card,27-06-2023
538,Bala,56,Male,Trivandrum,Camera,21881,1,Card,18-08-2023
539,Esha,47,Male,Kochi,Camera,32266,1,Card,10-01-2023
540,Gopi,,Female,Chennai,Camera,36201,3,Card,08-10-2023
541,Gopi,26,Male,Kochi,Laptop,48954,3,UPI,05-04-2023
542,Gopi,,Male,Bangalore,Mobile,38048,2,Cash,26-03-2023
543,Arun,,Male,Hyderabad,Tablet,4071,1,Card,23-07-2023
544,Chetan,47,Female,Bangalore,Laptop,30822,2,Cash,14-12-2023
545,Esha,,Female,Hyderabad,Tablet,49339,5,Cash,01-03-2023
546,Isha,34,Female,Hyderabad,Tablet,9707,4,UPI,15-06-2023
547,Chetan,24,Male,Hyderabad,Tablet,22500,3,Cash,16-12-2023
548,Farhan,38,Male,Bangalore,Laptop,46955,2,Card,25-10-2023
549,Jaya,,Male,Bangalore,Mobile,43164,4,UPI,26-03-2023
550,Bala,22,Female,Bangalore,Laptop,11078,1,Cash,31-08-2023
551,Hari,,Female,Chennai,Headphones,43943,5,Cash,18-06-2023
552,Chetan,,Male,Trivandrum,Camera,39796,4,Card,23-12-2023
553,Esha,,Male,Kochi,Mobile,39921,2,Cash,31-01-2023
554,Jaya,20,Male,Kochi,Mobile,18376,2,UPI,01-01-2023
555,Arun,,Female,Kochi,Camera,12281,2,Card,04-12-2023
556,Bala,26,Male,Bangalore,Tablet,29690,5,Cash,21-11-2023
557,Gopi,,Female,Kochi,Laptop,19104,5,Card,21-10-2023
558,Isha,23,Female,Chennai,Tablet,15741,5,Cash,20-05-2023
559,Hari,,Female,Trivandrum,Headphones,26915,2,Card,31-07-2023
560,Isha,,Male,Kochi,Laptop,40677,2,Card,31-07-2023
561,Divya,,Female,Bangalore,Headphones,29036,1,UPI,25-06-2023
562,Hari,27,Male,Hyderabad,Headphones,14098,2,Cash,27-12-2023
563,Gopi,,Female,Chennai,Tablet,9663,2,Card,26-12-2023
564,Farhan,,Male,Kochi,Tablet,639,4,Card,08-04-2023
565,Arun,28,Male,Kochi,Laptop,26606,4,Cash,18-11-2023
566,Esha,,Female,Trivandrum,Laptop,22377,2,UPI,07-04-2023
567,Hari,,Male,Kochi,Camera,16765,2,UPI,10-04-2023
568,Hari,,Male,Hyderabad,Headphones,583,4,Cash,22-07-2023
569,Arun,31,Male,Hyderabad,Tablet,2026,3,Cash,21-04-2023
570,Divya,27,Female,Chennai,Laptop,17630,4,Cash,18-10-2023
571,Hari,,Female,Bangalore,Camera,37786,4,Cash,23-06-2023
572,Arun,21,Male,Hyderabad,Camera,32854,2,Card,09-10-2023
573,Isha,58,Male,Hyderabad,Headphones,13181,1,Card,28-03-2023
574,Chetan,43,Female,Hyderabad,Headphones,17565,2,Card,25-03-2023
575,Farhan,27,Female,Hyderabad,Mobile,6078,3,Card,16-10-2023
576,Esha,,Female,Bangalore,Tablet,12128,3,Card,01-01-2023
577,Isha,,Female,Hyderabad,Headphones,31266,2,Cash,05-07-2023
578,Divya,,Female,Kochi,Tablet,13352,5,Cash,13-09-2023
579,Bala,,Female,Bangalore,Camera,48759,5,UPI,12-12-2023
580,Farhan,,Male,Hyderabad,Laptop,23091,2,UPI,25-10-2023
581,Bala,55,Female,Kochi,Tablet,6837,4,UPI,07-03-2023
582,Farhan,,Male,Kochi,Tablet,39376,1,Cash,24-12-2023
583,Hari,31,Female,Hyderabad,Camera,13000,5,UPI,24-09-2023
584,Esha,44,Female,Trivandrum,Mobile,23903,1,Card,13-04-2023
585,Gopi,,Female,Trivandrum,Laptop,33161,2,Card,10-02-2023
586,Isha,,Female,Trivandrum,Mobile,11827,2,Cash,17-09-2023
587,Jaya,,Male,Trivandrum,Camera,24325,5,UPI,11-09-2023
588,Gopi,33,Female,Hyderabad,Camera,10455,3,Cash,22-08-2023
589,Esha,55,Female,Kochi,Headphones,11288,2,Cash,12-02-2023
590,Arun,,Male,Kochi,Mobile,16510,4,Cash,24-07-2023
591,Gopi,34,Female,Hyderabad,Laptop,28795,4,UPI,30-04-2023
592,Divya,,Male,Kochi,Mobile,5536,1,UPI,15-06-2023
593,Hari,,Male,Kochi,Mobile,24777,1,UPI,20-02-2023
594,Divya,47,Male,Trivandrum,Camera,5375,1,Cash,28-09-2023
595,Jaya,,Male,Chennai,Headphones,20918,1,Cash,26-10-2023
596,Divya,,Male,Chennai,Headphones,40545,2,Cash,26-06-2023
597,Isha,32,Female,Chennai,Camera,26148,2,UPI,01-03-2023
598,Bala,35,Female,Kochi,Laptop,33289,2,Cash,02-06-2023
599,Hari,,Male,Hyderabad,Camera,17852,1,Card,17-03-2023
600,Chetan,,Male,Trivandrum,Headphones,35903,1,Card,10-01-2023
601,Farhan,,Male,Trivandrum,Mobile,18040,5,UPI,04-06-2023
602,Gopi,22,Female,Hyderabad,Headphones,46870,3,Card,24-07-2023
603,Bala,,Male,Hyderabad,Headphones,20031,5,Cash,30-11-2023
604,Esha,33,Male,Kochi,Tablet,22811,3,Cash,12-05-2023
605,Farhan,51,Male,Trivandrum,Mobile,27512,2,UPI,08-12-2023
606,Chetan,,Male,Trivandrum,Tablet,42240,5,UPI,08-11-2023
607,Isha,18,Female,Kochi,Camera,4738,5,Cash,13-07-2023
608,Divya,,Male,Kochi,Tablet,41138,5,Card,25-10-2023
609,Divya,42,Female,Bangalore,Headphones,38731,5,Card,30-09-2023
610,Isha,48,Male,Hyderabad,Camera,45095,3,UPI,25-04-2023
611,Arun,,Female,Kochi,Headphones,3115,2,Card,10-11-2023
612,Isha,,Female,Bangalore,Laptop,1358,4,Cash,27-01-2023
613,Hari,26,Male,Chennai,Tablet,23215,1,Cash,01-11-2023
614,Arun,32,Female,Kochi,Headphones,18243,3,Cash,17-08-2023
615,Hari,43,Female,Bangalore,Headphones,39693,3,UPI,01-02-2023
616,Gopi,41,Male,Bangalore,Laptop,2469,1,Cash,10-10-2023
617,Farhan,,Female,Chennai,Camera,30518,2,Card,12-02-2023
618,Esha,58,Male,Bangalore,Laptop,7422,5,UPI,04-06-2023
619,Farhan,,Male,Hyderabad,Headphones,35402,1,Cash,08-04-2023
620,Bala,37,Male,Bangalore,Mobile,43791,2,UPI,19-10-2023
621,Arun,,Male,Bangalore,Laptop,26389,4,Card,05-01-2023
622,Bala,,Female,Hyderabad,Camera,3621,3,UPI,05-08-2023
623,Gopi,56,Female,Kochi,Laptop,6497,5,UPI,06-05-2023
624,Hari,,Male,Chennai,Tablet,6601,1,Cash,22-03-2023
625,Jaya,20,Female,Kochi,Mobile,4343,4,Card,23-12-2023
626,Divya,,Female,Trivandrum,Laptop,32958,3,Cash,30-03-2023
627,Jaya,34,Female,Hyderabad,Mobile,31649,3,UPI,19-07-2023
628,Esha,26,Male,Kochi,Laptop,41811,2,Card,14-03-2023
629,Arun,,Female,Bangalore,Mobile,27627,5,Card,24-03-2023
630,Farhan,,Female,Chennai,Mobile,45733,1,Card,20-07-2023
631,Gopi,,Male,Hyderabad,Tablet,27328,3,Cash,17-11-2023
632,Hari,,Female,Kochi,Laptop,28377,3,Card,16-11-2023
633,Chetan,,Female,Bangalore,Tablet,44326,1,Cash,05-12-2023
634,Arun,25,Female,Trivandrum,Headphones,44355,5,Card,18-02-2023
635,Esha,34,Female,Trivandrum,Mobile,48650,5,Card,01-05-2023
636,Esha,,Male,Trivandrum,Tablet,28615,2,Cash,23-03-2023
637,Divya,,Female,Chennai,Tablet,21434,4,Card,22-08-2023
638,Gopi,,Male,Chennai,Tablet,18201,3,UPI,11-09-2023
639,Arun,35,Female,Hyderabad,Laptop,33888,2,Card,04-06-2023
640,Farhan,,Male,Bangalore,Camera,24559,3,Cash,06-09-2023
641,Isha,,Female,Hyderabad,Mobile,33419,3,Cash,11-05-2023
642,Esha,,Female,Chennai,Tablet,13685,2,Card,27-07-2023
643,Isha,,Male,Trivandrum,Laptop,27537,2,Card,12-12-2023
644,Chetan,23,Female,Trivandrum,Tablet,19213,5,Cash,12-11-2023
645,Arun,,Male,Chennai,Headphones,47185,4,Cash,07-08-2023
646,Bala,,Female,Bangalore,Laptop,44063,5,UPI,07-06-2023
647,Bala,,Female,Bangalore,Laptop,29960,2,Cash,25-10-2023
648,Esha,35,Male,Trivandrum,Headphones,7966,4,Cash,03-08-2023
649,Isha,59,Male,Hyderabad,Tablet,21470,3,Cash,30-05-2023
650,Chetan,28,Male,Hyderabad,Tablet,28157,2,UPI,29-06-2023
651,Hari,30,Female,Hyderabad,Tablet,15663,3,Cash,19-06-2023
652,Bala,,Female,Chennai,Mobile,49278,4,UPI,08-09-2023
653,Isha,55,Male,Hyderabad,Headphones,40732,4,Card,17-09-2023
654,Isha,,Male,Trivandrum,Mobile,44727,1,Card,18-11-2023
655,Farhan,32,Male,Chennai,Tablet,32786,4,UPI,02-01-2023
656,Bala,,Female,Bangalore,Laptop,4226,5,Cash,31-05-2023
657,Gopi,,Female,Trivandrum,Mobile,28221,5,Card,20-09-2023
658,Esha,,Female,Bangalore,Laptop,27078,4,Card,20-06-2023
659,Esha,30,Male,Chennai,Tablet,49906,4,Card,10-12-2023
660,Divya,40,Female,Chennai,Headphones,27758,4,UPI,24-11-2023
661,Hari,,Male,Kochi,Laptop,38960,4,Cash,13-04-2023
662,Arun,,Male,Bangalore,Headphones,21620,2,UPI,30-11-2023
663,Divya,,Female,Kochi,Mobile,45377,2,Cash,12-05-2023
664,Hari,,Male,Hyderabad,Headphones,29159,3,Card,20-04-2023
665,Chetan,,Female,Bangalore,Mobile,44743,3,Card,09-03-2023
666,Isha,,Male,Bangalore,Headphones,38162,1,Cash,19-07-2023
667,Hari,,Female,Trivandrum,Laptop,23442,2,Cash,03-12-2023
668,Gopi,31,Female,Bangalore,Camera,41586,5,UPI,10-07-2023
669,Divya,33,Female,Kochi,Camera,49786,3,Card,19-06-2023
670,Jaya,,Female,Chennai,Mobile,4237,1,Card,10-09-2023
671,Hari,59,Male,Bangalore,Laptop,7868,5,Card,14-10-2023
672,Farhan,,Male,Kochi,Camera,16310,2,Card,07-03-2023
673,Gopi,,Male,Trivandrum,Headphones,32441,5,Cash,06-05-2023
674,Farhan,,Female,Kochi,Tablet,43953,1,Card,16-10-2023
675,Chetan,32,Female,Hyderabad,Laptop,28551,2,Cash,24-04-2023
676,Chetan,30,Female,Chennai,Camera,24712,2,Cash,05-03-2023
677,Divya,,Male,Trivandrum,Headphones,13381,1,Cash,23-01-2023
678,Divya,46,Female,Trivandrum,Mobile,33385,5,Cash,10-01-2023
679,Farhan,18,Male,Chennai,Headphones,11209,3,UPI,23-11-2023
680,Gopi,29,Male,Chennai,Laptop,31436,4,Cash,08-05-2023
681,Isha,32,Male,Hyderabad,Laptop,5741,1,Cash,26-02-2023
682,Gopi,,Female,Trivandrum,Camera,19978,2,Card,01-11-2023
683,Esha,,Male,Trivandrum,Laptop,5927,4,Cash,05-02-2023
684,Jaya,46,Female,Hyderabad,Camera,36607,4,Card,18-01-2023
685,Esha,,Female,Bangalore,Tablet,42956,3,Card,23-12-2023
686,Isha,,Male,Trivandrum,Laptop,11511,4,Cash,25-02-2023
687,Esha,50,Female,Bangalore,Mobile,22733,5,Cash,22-11-2023
688,Arun,,Male,Hyderabad,Camera,47363,3,Card,10-03-2023
689,Arun,,Female,Bangalore,Tablet,3569,3,Card,19-06-2023
690,Gopi,58,Female,Trivandrum,Mobile,15548,4,UPI,26-05-2023
691,Arun,39,Female,Hyderabad,Tablet,7029,2,Cash,23-10-2023
692,Esha,,Male,Chennai,Mobile,38340,2,Card,05-06-2023
693,Hari,,Male,Chennai,Laptop,18518,2,Card,20-03-2023
694,Farhan,,Male,Chennai,Mobile,4163,3,Cash,30-07-2023
695,Esha,55,Female,Trivandrum,Mobile,20663,5,Card,04-12-2023
696,Hari,,Female,Trivandrum,Headphones,7467,1,Card,12-11-2023
697,Chetan,,Female,Kochi,Camera,4821,2,UPI,20-08-2023
698,Gopi,,Female,Chennai,Laptop,15697,1,Cash,02-12-2023
699,Divya,32,Male,Chennai,Camera,31340,4,Cash,31-05-2023
700,Arun,,Male,Trivandrum,Camera,4942,2,UPI,15-05-2023
701,Esha,,Female,Trivandrum,Laptop,29063,3,Card,21-05-2023
702,Jaya,37,Female,Hyderabad,Laptop,11723,2,UPI,20-09-2023
703,Isha,,Female,Kochi,Mobile,27639,2,UPI,18-04-2023
704,Chetan,,Male,Chennai,Camera,30319,4,Cash,11-03-2023
705,Chetan,,Female,Trivandrum,Laptop,20421,5,Card,11-08-2023
706,Isha,54,Male,Bangalore,Laptop,27792,1,Card,15-12-2023
707,Arun,57,Male,Kochi,Camera,34393,1,Card,21-08-2023
708,Chetan,52,Male,Trivandrum,Headphones,4445,4,Card,01-01-2023
709,Divya,,Male,Bangalore,Mobile,8037,5,UPI,05-06-2023
710,Esha,,Male,Kochi,Camera,38844,5,Card,05-04-2023
711,Esha,,Female,Chennai,Headphones,26786,3,Cash,22-11-2023
712,Chetan,31,Male,Kochi,Laptop,14348,4,Cash,13-09-2023
713,Farhan,,Female,Chennai,Camera,24767,2,UPI,03-09-2023
714,Gopi,60,Female,Bangalore,Laptop,49457,2,Cash,25-09-2023
715,Hari,,Female,Bangalore,Camera,14265,2,Cash,30-05-2023
716,Bala,,Female,Kochi,Camera,39866,3,Card,21-08-2023
717,Jaya,,Female,Hyderabad,Headphones,1293,4,Cash,27-08-2023
718,Hari,55,Male,Bangalore,Mobile,46348,1,UPI,14-04-2023
719,Jaya,,Male,Kochi,Camera,29389,1,UPI,13-09-2023
720,Chetan,,Female,Hyderabad,Laptop,8560,5,Card,27-11-2023
721,Bala,29,Female,Bangalore,Tablet,45328,4,Cash,29-05-2023
722,Hari,35,Male,Trivandrum,Laptop,26353,4,UPI,09-09-2023
723,Chetan,46,Male,Hyderabad,Tablet,12836,3,UPI,12-09-2023
724,Hari,,Male,Chennai,Laptop,45065,2,UPI,17-07-2023
725,Isha,38,Male,Chennai,Headphones,3202,4,Card,27-10-2023
726,Farhan,,Female,Bangalore,Headphones,9370,5,UPI,14-11-2023
727,Divya,37,Male,Kochi,Mobile,639,5,Cash,17-03-2023
728,Divya,,Male,Chennai,Tablet,7289,3,Card,01-02-2023
729,Jaya,36,Female,Bangalore,Laptop,46641,1,UPI,04-12-2023
730,Hari,20,Male,Trivandrum,Laptop,2474,1,Cash,30-03-2023
731,Divya,,Male,Hyderabad,Laptop,3860,1,UPI,07-06-2023
732,Isha,31,Male,Chennai,Mobile,43262,4,UPI,21-07-2023
733,Jaya,43,Male,Trivandrum,Camera,4464,3,Cash,09-11-2023
734,Jaya,51,Female,Chennai,Headphones,21073,3,UPI,01-07-2023
735,Isha,,Female,Hyderabad,Mobile,4374,3,UPI,01-02-2023
736,Esha,,Male,Chennai,Mobile,39692,5,Card,02-06-2023
737,Bala,28,Female,Trivandrum,Mobile,30890,2,Cash,14-03-2023
738,Hari,21,Female,Bangalore,Headphones,529,2,Card,11-08-2023
739,Gopi,,Female,Kochi,Headphones,31129,2,Cash,02-06-2023
740,Isha,,Female,Hyderabad,Camera,2652,1,Cash,31-07-2023
741,Jaya,,Male,Hyderabad,Laptop,48115,4,UPI,02-05-2023
742,Chetan,,Male,Kochi,Mobile,34952,1,Cash,16-07-2023
743,Farhan,,Female,Chennai,Camera,9351,1,Card,26-03-2023
744,Farhan,,Male,Trivandrum,Camera,14125,3,Card,10-10-2023
745,Jaya,20,Female,Hyderabad,Tablet,4331,2,Card,02-09-2023
746,Farhan,56,Male,Chennai,Laptop,35497,3,Card,29-07-2023
747,Jaya,,Male,Bangalore,Mobile,7556,1,Card,18-11-2023
748,Gopi,19,Male,Chennai,Mobile,34428,4,Card,09-08-2023
749,Gopi,,Female,Bangalore,Laptop,1787,4,Cash,07-10-2023
750,Chetan,43,Male,Kochi,Mobile,4618,2,Cash,02-08-2023
751,Farhan,19,Female,Trivandrum,Headphones,18190,5,Cash,28-06-2023
752,Chetan,45,Male,Bangalore,Headphones,39258,1,UPI,13-07-2023
753,Divya,,Male,Hyderabad,Mobile,25992,1,UPI,19-03-2023
754,Bala,,Female,Hyderabad,Headphones,40301,5,Cash,26-12-2023
755,Gopi,31,Female,Hyderabad,Laptop,20020,3,UPI,12-07-2023
756,Hari,30,Female,Chennai,Tablet,36217,5,Cash,08-04-2023
757,Bala,,Female,Bangalore,Headphones,4646,5,Card,25-04-2023
758,Jaya,24,Female,Kochi,Headphones,21787,4,Cash,06-01-2023
759,Farhan,43,Male,Bangalore,Mobile,36267,5,UPI,01-01-2024
760,Esha,59,Male,Trivandrum,Headphones,27514,3,Card,03-12-2023
761,Jaya,,Male,Hyderabad,Laptop,14311,2,Card,27-06-2023
762,Jaya,47,Male,Bangalore,Tablet,19884,2,UPI,05-04-2023
763,Gopi,54,Female,Hyderabad,Tablet,18411,2,Card,06-12-2023
764,Isha,,Male,Chennai,Laptop,5899,4,Card,11-02-2023
765,Jaya,,Male,Hyderabad,Laptop,5712,3,Card,21-11-2023
766,Jaya,58,Male,Kochi,Tablet,22891,3,Cash,03-04-2023
767,Gopi,45,Female,Hyderabad,Mobile,35635,3,Cash,05-03-2023
768,Hari,47,Female,Bangalore,Headphones,26401,2,Card,06-09-2023
769,Farhan,56,Male,Chennai,Headphones,21212,3,Card,13-04-2023
770,Jaya,,Male,Hyderabad,Laptop,33472,4,UPI,26-07-2023
771,Isha,33,Male,Hyderabad,Camera,42926,4,UPI,21-01-2023
772,Chetan,29,Male,Kochi,Camera,14966,4,UPI,20-09-2023
773,Farhan,,Male,Hyderabad,Camera,42499,2,Cash,14-07-2023
774,Isha,,Female,Bangalore,Mobile,3645,3,UPI,09-12-2023
775,Farhan,,Female,Kochi,Tablet,43787,3,Cash,11-12-2023
776,Jaya,,Male,Bangalore,Laptop,15370,3,Cash,20-09-2023
777,Hari,,Male,Kochi,Camera,9356,5,Cash,11-03-2023
778,Chetan,,Male,Trivandrum,Tablet,39815,4,UPI,02-11-2023
779,Bala,,Female,Kochi,Mobile,34172,5,Cash,17-08-2023
780,Hari,29,Male,Trivandrum,Mobile,20052,1,Cash,01-02-2023
781,Esha,,Male,Trivandrum,Tablet,6775,4,Card,19-02-2023
782,Farhan,58,Female,Hyderabad,Headphones,34106,4,UPI,02-11-2023
783,Arun,42,Female,Hyderabad,Headphones,6508,3,Cash,18-07-2023
784,Arun,,Male,Bangalore,Headphones,35875,1,UPI,28-08-2023
785,Jaya,,Female,Trivandrum,Tablet,29379,2,Cash,18-10-2023
786,Arun,50,Female,Chennai,Mobile,34571,1,Card,06-11-2023
787,Esha,41,Male,Kochi,Tablet,45070,2,Card,11-11-2023
788,Jaya,,Female,Kochi,Camera,4565,5,UPI,08-06-2023
789,Jaya,22,Male,Kochi,Mobile,25440,1,UPI,25-03-2023
790,Chetan,,Female,Hyderabad,Camera,41380,3,Card,15-07-2023
791,Arun,,Male,Kochi,Camera,25503,2,Card,02-09-2023
792,Bala,,Male,Trivandrum,Camera,13892,1,Card,03-05-2023
793,Bala,,Male,Bangalore,Headphones,47530,3,UPI,21-10-2023
794,Divya,,Male,Chennai,Headphones,40182,1,Card,25-01-2023
795,Gopi,32,Male,Bangalore,Tablet,3672,2,Cash,10-12-2023
796,Esha,,Female,Bangalore,Mobile,23044,1,Card,07-06-2023
797,Jaya,55,Female,Hyderabad,Mobile,9513,5,Cash,25-12-2023
798,Farhan,,Male,Bangalore,Headphones,21027,4,Card,07-12-2023
799,Chetan,,Female,Trivandrum,Tablet,23730,2,UPI,20-01-2023
800,Gopi,,Male,Hyderabad,Headphones,36526,2,Cash,14-10-2023
801,Esha,42,Female,Kochi,Tablet,17597,5,UPI,05-01-2023
802,Arun,,Male,Trivandrum,Camera,46956,4,UPI,02-04-2023
803,Farhan,59,Male,Kochi,Mobile,41798,4,UPI,05-04-2023
804,Farhan,,Male,Kochi,Headphones,33799,2,Card,12-12-2023
805,Isha,54,Male,Bangalore,Laptop,40708,1,UPI,11-10-2023
806,Esha,,Female,Kochi,Camera,35601,1,Cash,13-03-2023
807,Esha,55,Male,Kochi,Headphones,28741,5,UPI,04-11-2023
808,Bala,59,Female,Trivandrum,Headphones,21658,1,Cash,21-10-2023
809,Chetan,41,Female,Trivandrum,Tablet,26737,2,Cash,13-03-2023
810,Hari,51,Female,Kochi,Tablet,40795,4,Card,19-01-2023
811,Esha,,Male,Chennai,Headphones,18788,5,UPI,23-02-2023
812,Esha,,Male,Chennai,Tablet,19688,1,Cash,26-02-2023
813,Farhan,,Female,Chennai,Tablet,25870,4,Cash,24-08-2023
814,Chetan,,Male,Bangalore,Tablet,27618,3,Cash,14-12-2023
815,Chetan,,Female,Chennai,Camera,19566,2,Card,30-03-2023
816,Isha,56,Male,Hyderabad,Camera,39837,3,UPI,03-12-2023
817,Hari,,Male,Hyderabad,Laptop,33291,4,Cash,04-06-2023
818,Hari,41,Female,Chennai,Headphones,7775,1,Card,24-08-2023
819,Gopi,58,Female,Hyderabad,Camera,3250,1,UPI,26-09-2023
820,Esha,52,Female,Trivandrum,Laptop,19508,4,UPI,21-11-2023
821,Chetan,47,Male,Chennai,Headphones,42458,2,Card,28-02-2023
822,Arun,,Female,Bangalore,Headphones,955,5,UPI,08-12-2023
823,Farhan,26,Female,Bangalore,Camera,2113,3,UPI,23-09-2023
824,Isha,,Male,Chennai,Tablet,12229,2,Cash,25-09-2023
825,Chetan,,Male,Kochi,Laptop,48334,1,Cash,12-11-2023
826,Gopi,,Male,Kochi,Headphones,10261,1,UPI,28-12-2023
827,Gopi,,Male,Bangalore,Headphones,13227,1,Card,12-07-2023
828,Farhan,37,Female,Kochi,Mobile,21740,2,UPI,03-06-2023
829,Esha,,Male,Trivandrum,Headphones,32478,3,Card,09-06-2023
830,Farhan,,Female,Bangalore,Headphones,14599,5,UPI,16-01-2023
831,Isha,,Male,Hyderabad,Tablet,20238,1,Card,04-04-2023
832,Esha,59,Male,Bangalore,Laptop,11163,2,UPI,31-10-2023
833,Esha,31,Male,Trivandrum,Mobile,17436,3,UPI,14-11-2023
834,Farhan,,Female,Bangalore,Mobile,9019,3,Cash,22-04-2023
835,Jaya,51,Female,Kochi,Mobile,36238,2,Card,31-01-2023
836,Bala,56,Female,Bangalore,Headphones,19856,1,Card,29-05-2023
837,Esha,,Female,Hyderabad,Laptop,10795,1,Card,01-05-2023
838,Isha,,Female,Trivandrum,Headphones,33671,2,Cash,18-11-2023
839,Jaya,35,Female,Hyderabad,Camera,13535,1,UPI,07-12-2023
840,Bala,,Female,Bangalore,Camera,17602,1,Cash,03-09-2023
841,Arun,49,Female,Kochi,Camera,30431,5,Card,07-03-2023
842,Isha,,Male,Chennai,Tablet,14339,3,Cash,17-12-2023
843,Isha,,Male,Hyderabad,Laptop,26288,5,UPI,27-09-2023
844,Farhan,50,Male,Hyderabad,Headphones,20621,1,UPI,31-08-2023
845,Farhan,46,Female,Kochi,Laptop,33916,4,Cash,14-08-2023
846,Farhan,58,Male,Kochi,Headphones,29892,3,UPI,26-06-2023
847,Farhan,,Male,Bangalore,Camera,3694,2,UPI,25-10-2023
848,Arun,,Male,Chennai,Laptop,35677,5,UPI,14-10-2023
849,Isha,,Male,Hyderabad,Tablet,40751,1,Card,25-03-2023
850,Bala,,Male,Chennai,Headphones,41914,4,Card,15-04-2023
851,Hari,,Male,Trivandrum,Camera,7465,5,UPI,30-10-2023
852,Divya,41,Male,Kochi,Camera,6525,1,Card,04-05-2023
853,Arun,43,Female,Hyderabad,Laptop,32578,5,Card,03-02-2023
854,Isha,,Female,Bangalore,Camera,12408,5,Cash,21-01-2023
855,Arun,,Male,Trivandrum,Headphones,35865,1,UPI,02-08-2023
856,Gopi,40,Male,Kochi,Laptop,26879,2,Cash,11-04-2023
857,Hari,44,Female,Kochi,Mobile,41169,1,Cash,15-05-2023
858,Esha,48,Female,Hyderabad,Headphones,29256,5,UPI,06-10-2023
859,Esha,54,Male,Hyderabad,Camera,12916,2,Cash,29-06-2023
860,Hari,,Male,Hyderabad,Headphones,26578,1,Cash,15-01-2023
861,Divya,23,Female,Hyderabad,Headphones,23769,2,Card,13-09-2023
862,Jaya,47,Female,Trivandrum,Mobile,11183,2,Card,14-06-2023
863,Farhan,41,Female,Bangalore,Camera,38135,5,Cash,27-09-2023
864,Chetan,,Female,Hyderabad,Mobile,29940,3,Cash,26-12-2023
865,Jaya,,Male,Kochi,Headphones,2325,3,Card,26-03-2023
866,Hari,,Female,Chennai,Camera,6289,1,UPI,22-09-2023
867,Chetan,,Male,Hyderabad,Headphones,5391,5,Cash,23-06-2023
868,Bala,52,Male,Kochi,Camera,27745,3,Card,21-02-2023
869,Chetan,,Male,Bangalore,Headphones,23962,2,UPI,16-12-2023
870,Isha,,Female,Trivandrum,Camera,22496,3,Card,02-03-2023
871,Bala,40,Male,Kochi,Laptop,23743,3,Card,23-12-2023
872,Jaya,,Female,Hyderabad,Headphones,25359,4,Card,19-11-2023
873,Jaya,,Female,Trivandrum,Camera,19324,3,UPI,05-04-2023
874,Bala,,Male,Hyderabad,Headphones,40951,3,Card,06-07-2023
875,Jaya,,Female,Bangalore,Headphones,41735,3,Card,16-02-2023
876,Isha,56,Female,Hyderabad,Camera,8431,4,Cash,15-07-2023
877,Bala,,Male,Kochi,Tablet,14546,5,Cash,26-06-2023
878,Esha,55,Female,Hyderabad,Headphones,33755,3,UPI,01-07-2023
879,Farhan,,Female,Kochi,Camera,24059,5,Cash,31-08-2023
880,Chetan,,Female,Kochi,Headphones,34046,3,Cash,18-01-2023
881,Divya,25,Female,Chennai,Headphones,40326,5,Cash,04-02-2023
882,Isha,26,Female,Kochi,Laptop,18756,3,Card,28-04-2023
883,Hari,24,Female,Chennai,Tablet,3437,2,Card,30-06-2023
884,Isha,43,Female,Bangalore,Tablet,29171,3,UPI,09-05-2023
885,Gopi,19,Female,Chennai,Camera,11580,4,Cash,23-12-2023
886,Farhan,41,Female,Hyderabad,Laptop,25129,4,Card,04-10-2023
887,Gopi,,Female,Trivandrum,Laptop,31110,1,UPI,10-12-2023
888,Jaya,19,Female,Trivandrum,Camera,831,2,Cash,09-11-2023
889,Hari,23,Male,Trivandrum,Headphones,49907,1,Card,11-08-2023
890,Jaya,,Female,Bangalore,Headphones,4217,4,UPI,26-02-2023
891,Jaya,34,Female,Chennai,Laptop,37708,5,Cash,14-12-2023
892,Esha,,Female,Bangalore,Headphones,29285,5,Cash,17-03-2023
893,Farhan,53,Male,Trivandrum,Laptop,40095,1,Card,21-06-2023
894,Hari,,Male,Chennai,Camera,21445,3,UPI,06-02-2023
895,Chetan,47,Male,Hyderabad,Headphones,8427,3,Cash,11-10-2023
896,Jaya,54,Female,Chennai,Tablet,39672,3,Card,26-08-2023
897,Isha,,Male,Trivandrum,Headphones,2578,4,Card,26-11-2023
898,Arun,,Female,Hyderabad,Tablet,14701,2,Cash,30-10-2023
899,Farhan,,Female,Hyderabad,Mobile,10181,2,Card,05-05-2023
900,Farhan,47,Female,Hyderabad,Headphones,8599,4,Card,02-05-2023
901,Hari,47,Female,Bangalore,Laptop,26569,5,Card,08-07-2023
902,Arun,,Female,Trivandrum,Tablet,34726,1,Cash,17-07-2023
903,Gopi,50,Female,Chennai,Laptop,37970,1,UPI,30-07-2023
904,Divya,,Female,Bangalore,Laptop,35752,1,Card,29-06-2023
905,Bala,30,Female,Kochi,Laptop,45180,2,UPI,17-04-2023
906,Divya,32,Male,Chennai,Camera,26565,2,UPI,13-02-2023
907,Bala,34,Female,Trivandrum,Mobile,30509,3,Cash,01-01-2024
908,Gopi,33,Female,Kochi,Headphones,23405,2,Card,26-02-2023
909,Esha,,Male,Chennai,Headphones,7596,1,UPI,30-03-2023
910,Bala,,Female,Bangalore,Tablet,8051,1,UPI,22-12-2023
911,Farhan,,Female,Hyderabad,Laptop,38248,4,Cash,11-12-2023
912,Jaya,27,Male,Bangalore,Headphones,40958,1,Card,07-04-2023
913,Farhan,,Male,Chennai,Laptop,22586,5,Card,20-02-2023
914,Arun,38,Male,Hyderabad,Mobile,19611,4,Cash,30-06-2023
915,Bala,28,Male,Trivandrum,Mobile,16802,1,Card,30-07-2023
916,Jaya,,Male,Bangalore,Mobile,48409,2,UPI,22-09-2023
917,Chetan,48,Female,Trivandrum,Camera,47278,3,UPI,22-02-2023
918,Gopi,,Male,Trivandrum,Headphones,27158,2,Card,29-09-2023
919,Jaya,58,Female,Bangalore,Laptop,22083,5,Card,21-02-2023
920,Isha,55,Male,Kochi,Camera,11124,5,UPI,13-02-2023
921,Gopi,38,Male,Bangalore,Headphones,30168,1,Card,04-08-2023
922,Isha,,Female,Chennai,Headphones,20474,1,Cash,24-02-2023
923,Divya,55,Female,Trivandrum,Headphones,15759,5,Card,23-01-2023
924,Bala,31,Female,Bangalore,Camera,35984,4,Cash,24-01-2023
925,Bala,35,Female,Kochi,Tablet,48343,1,Card,26-12-2023
926,Esha,,Male,Bangalore,Camera,43595,1,Card,01-01-2024
927,Arun,54,Male,Chennai,Mobile,15073,4,Card,07-12-2023
928,Farhan,20,Female,Bangalore,Camera,22989,2,UPI,29-03-2023
929,Farhan,30,Female,Chennai,Tablet,30885,4,Card,20-12-2023
930,Farhan,,Female,Kochi,Camera,29294,5,Cash,04-02-2023
931,Divya,,Female,Chennai,Camera,48701,2,Cash,13-05-2023
932,Divya,35,Female,Bangalore,Laptop,23367,3,Cash,17-01-2023
933,Divya,53,Female,Hyderabad,Mobile,34169,2,Cash,20-10-2023
934,Isha,48,Male,Kochi,Laptop,4059,2,UPI,07-03-2023
935,Arun,,Male,Kochi,Camera,5270,3,Cash,18-03-2023
936,Esha,,Female,Trivandrum,Mobile,43855,5,Cash,22-01-2023
937,Gopi,31,Female,Trivandrum,Mobile,27697,4,UPI,15-11-2023
938,Isha,,Female,Kochi,Headphones,26238,1,Card,26-02-2023
939,Arun,,Male,Chennai,Tablet,45085,1,Card,14-10-2023
940,Arun,,Female,Hyderabad,Laptop,23736,1,UPI,06-06-2023
941,Hari,50,Female,Hyderabad,Tablet,24946,1,Cash,20-08-2023
942,Chetan,28,Male,Kochi,Tablet,41931,3,Cash,23-11-2023
943,Chetan,21,Male,Bangalore,Mobile,31433,4,Card,26-01-2023
944,Farhan,26,Male,Hyderabad,Mobile,15733,4,UPI,28-05-2023
945,Gopi,31,Female,Bangalore,Camera,4882,3,Cash,23-06-2023
946,Divya,,Female,Trivandrum,Headphones,6002,4,Card,10-12-2023
947,Hari,,Female,Bangalore,Laptop,32247,5,UPI,05-12-2023
948,Bala,,Female,Kochi,Mobile,27453,2,Cash,17-06-2023
949,Gopi,,Male,Trivandrum,Tablet,27888,1,Cash,06-12-2023
950,Farhan,26,Female,Hyderabad,Camera,20794,3,Cash,29-08-2023
951,Gopi,40,Male,Kochi,Laptop,37248,5,Card,04-09-2023
952,Esha,,Female,Trivandrum,Mobile,1795,3,UPI,04-08-2023
953,Gopi,,Female,Bangalore,Camera,9295,3,Cash,26-06-2023
954,Hari,,Female,Kochi,Laptop,47911,3,Card,16-11-2023
955,Bala,,Female,Hyderabad,Camera,34940,3,UPI,22-08-2023
956,Hari,41,Male,Bangalore,Headphones,29399,2,Cash,19-08-2023
957,Jaya,,Female,Trivandrum,Headphones,43825,2,Card,06-09-2023
958,Bala,,Male,Bangalore,Laptop,30442,4,UPI,20-06-2023
959,Isha,32,Female,Bangalore,Headphones,10696,1,Cash,27-11-2023
960,Hari,28,Female,Hyderabad,Laptop,9102,4,Cash,27-04-2023
961,Isha,32,Female,Kochi,Headphones,32855,5,Cash,10-01-2023
962,Farhan,,Male,Kochi,Laptop,29592,5,Card,23-01-2023
963,Farhan,44,Female,Bangalore,Headphones,43669,3,UPI,13-04-2023
964,Esha,,Male,Hyderabad,Headphones,6334,3,UPI,22-06-2023
965,Bala,,Male,Bangalore,Mobile,34840,3,Cash,26-09-2023
966,Bala,51,Female,Bangalore,Mobile,43787,1,UPI,05-09-2023
967,Isha,26,Male,Chennai,Tablet,5462,4,Cash,26-08-2023
968,Divya,41,Male,Hyderabad,Laptop,35873,3,Card,09-10-2023
969,Esha,45,Male,Hyderabad,Mobile,41955,3,UPI,01-04-2023
970,Bala,,Female,Kochi,Laptop,15831,1,UPI,14-05-2023
971,Farhan,53,Female,Chennai,Headphones,9804,2,Card,23-11-2023
972,Hari,20,Male,Bangalore,Camera,7999,3,Card,07-12-2023
973,Bala,,Male,Bangalore,Mobile,9397,1,Card,07-12-2023
974,Isha,,Male,Bangalore,Camera,40999,5,UPI,19-12-2023
975,Isha,40,Male,Chennai,Camera,40009,1,UPI,12-09-2023
976,Chetan,,Female,Hyderabad,Headphones,12664,2,UPI,03-09-2023
977,Arun,,Male,Chennai,Headphones,47592,3,Cash,09-10-2023
978,Chetan,24,Male,Chennai,Mobile,1915,2,Cash,28-02-2023
979,Chetan,53,Female,Kochi,Mobile,26282,3,Cash,09-12-2023
980,Divya,39,Male,Bangalore,Tablet,23793,3,Cash,23-12-2023
981,Farhan,,Male,Hyderabad,Mobile,47144,5,Cash,24-01-2023
982,Jaya,45,Female,Bangalore,Tablet,42268,4,Cash,13-11-2023
983,Divya,,Male,Trivandrum,Mobile,11819,3,UPI,14-03-2023
984,Esha,20,Female,Hyderabad,Camera,6391,2,UPI,07-06-2023
985,Jaya,21,Male,Trivandrum,Laptop,42937,4,Cash,12-01-2023
986,Bala,,Female,Kochi,Laptop,2624,2,Cash,05-12-2023
987,Isha,,Female,Trivandrum,Headphones,35137,1,Cash,30-12-2023
988,Divya,,Female,Trivandrum,Headphones,36833,5,Cash,09-07-2023
989,Arun,59,Female,Bangalore,Tablet,15545,1,Cash,19-05-2023
990,Bala,37,Female,Kochi,Headphones,32028,1,Cash,02-12-2023
991,Chetan,,Male,Bangalore,Tablet,20789,4,Cash,28-12-2023
992,Arun,,Female,Chennai,Camera,26556,5,Card,14-03-2023
993,Chetan,34,Female,Kochi,Camera,22180,3,UPI,07-06-2023
994,Jaya,24,Female,Chennai,Mobile,12780,1,UPI,28-07-2023
995,Isha,38,Male,Hyderabad,Laptop,16463,5,Card,26-03-2023
996,Chetan,,Female,Hyderabad,Tablet,29084,5,Cash,13-06-2023
997,Farhan,35,Male,Chennai,Mobile,18051,4,Card,06-06-2023
998,Chetan,,Female,Chennai,Headphones,39070,3,Card,03-03-2023
999,Arun,39,Female,Hyderabad,Camera,8705,3,Cash,27-06-2023
1000,Bala,,Male,Hyderabad,Laptop,41259,2,Card,05-08-2023
235,Chetan,46,Female,Hyderabad,Tablet,12827,4,UPI,13-07-2023
515,Gopi,,Female,Hyderabad,Mobile,39279,3,Card,15-09-2023
791,Arun,,Male,Kochi,Camera,25503,2,Card,02-09-2023
241,Gopi,,Male,Hyderabad,Tablet,38347,1,UPI,16-04-2023
89,Jaya,26,Male,Hyderabad,Tablet,19104,2,UPI,26-09-2023
90,Farhan,55,Male,Trivandrum,Headphones,34986,4,Cash,06-05-2023
240,Hari,,Female,Chennai,Mobile,8554,1,Card,24-01-2023
286,Isha,,Male,Trivandrum,Camera,33277,4,Card,26-05-2023
390,Bala,51,Male,Chennai,Tablet,33268,3,Card,16-11-2023
670,Jaya,,Female,Chennai,Mobile,4237,1,Card,10-09-2023
658,Esha,,Female,Bangalore,Laptop,27078,4,Card,20-06-2023
406,Isha,31,Female,Kochi,Tablet,32056,5,Card,24-12-2023
938,Isha,,Female,Kochi,Headphones,26238,1,Card,26-02-2023
338,Hari,,Female,Bangalore,Mobile,35038,2,Cash,21-03-2023
986,Bala,,Female,Kochi,Laptop,2624,2,Cash,05-12-2023
278,Arun,45,Female,Hyderabad,Headphones,10500,3,UPI,14-07-2023
993,Chetan,34,Female,Kochi,Camera,22180,3,UPI,07-06-2023
466,Jaya,24,Female,Bangalore,Laptop,2670,2,Cash,23-10-2023
888,Jaya,19,Female,Trivandrum,Camera,831,2,Cash,09-11-2023
318,Esha,50,Male,Bangalore,Camera,21493,1,UPI,17-11-2023
309,Gopi,30,Male,Kochi,Laptop,47270,2,Card,09-04-2023
871,Bala,40,Male,Kochi,Laptop,23743,3,Card,23-12-2023
452,Gopi,,Male,Hyderabad,Camera,40351,5,Cash,10-01-2023
913,Farhan,,Male,Chennai,Laptop,22586,5,Card,20-02-2023
299,Hari,56,Male,Trivandrum,Tablet,2736,3,UPI,03-11-2023
308,Divya,27,Male,Kochi,Laptop,16900,5,Card,28-10-2023
562,Hari,27,Male,Hyderabad,Headphones,14098,2,Cash,27-12-2023
404,Bala,,Female,Bangalore,Laptop,27380,3,Card,01-04-2023
741,Jaya,,Male,Hyderabad,Laptop,48115,4,UPI,02-05-2023
384,Arun,20,Male,Bangalore,Mobile,48035,4,Cash,11-01-2023
42,Hari,,Female,Chennai,Camera,11661,2,Cash,22-02-2023
328,Farhan,,Male,Bangalore,Camera,7619,1,Card,26-07-2023
289,Divya,55,Female,Bangalore,Headphones,20585,1,UPI,31-08-2023
712,Chetan,31,Male,Kochi,Laptop,14348,4,Cash,13-09-2023
183,Farhan,23,Male,Trivandrum,Tablet,20395,1,UPI,30-09-2023
636,Esha,,Male,Trivandrum,Tablet,28615,2,Cash,23-03-2023
497,Bala,52,Male,Trivandrum,Mobile,29123,2,UPI,12-08-2023
816,Isha,56,Male,Hyderabad,Camera,39837,3,UPI,03-12-2023
343,Hari,,Female,Trivandrum,Camera,23661,5,Card,27-11-2023
311,Isha,,Female,Chennai,Mobile,3108,1,UPI,23-08-2023
904,Divya,,Female,Bangalore,Laptop,35752,1,Card,29-06-2023
910,Bala,,Female,Bangalore,Tablet,8051,1,UPI,22-12-2023
134,Jaya,,Male,Hyderabad,Tablet,31493,4,Card,27-12-2023
57,Gopi,,Male,Kochi,Camera,24035,2,Card,20-11-2023
826,Gopi,,Male,Kochi,Headphones,10261,1,UPI,28-12-2023
300,Gopi,,Male,Chennai,Mobile,14710,3,Card,18-10-2023
833,Esha,31,Male,Trivandrum,Mobile,17436,3,UPI,14-11-2023
176,Arun,,Male,Kochi,Tablet,19076,5,Card,22-12-2023
897,Isha,,Male,Trivandrum,Headphones,2578,4,Card,26-11-2023
600,Chetan,,Male,Trivandrum,Headphones,35903,1,Card,10-01-2023
